30341100,Donnell,Cartmill,Baddam,0,2019-03-01 00:00:00
31938999,Marv,Shutle,Peris,0,2019-03-01 00:00:00
27648629,Wilhelm,Tewnion,Warriner,0,2019-03-02 00:00:00
68150990,Reinald,Braunston,Abdey,0,2019-03-02 00:00:00
69660977,Clare,Oloshkin,Purdy,0,2019-03-02 00:00:00
80687251,Irving,Fawltey,Chalcot,0,2019-03-04 00:00:00
40145971,Johannes,Buglass,Andrieu,0,2019-03-04 00:00:00
42909804,Giulio,Frayn,Pegden,0,2019-03-04 00:00:00
68557453,Etienne,Janton,Grinin,0,2019-03-05 00:00:00
3560179,Rene,Winmill,Marte,0,2019-03-06 00:00:00
50050763,Waylen,Onge,Popping,0,2019-03-07 00:00:00
4421398,Georgie,Hepher,Evetts,0,2019-03-08 00:00:00
23993740,Shurwood,Goosnell,Trowl,0,2019-03-08 00:00:00
5035150,Florian,Samarth,Weedon,0,2019-03-09 00:00:00
86840260,Quent,Clemendet,Antonetti,0,2019-03-10 00:00:00
97538659,Darrin,Machans,Ellwell,0,2019-03-10 00:00:00
87521205,Graig,Shinfield,McCorley,0,2019-03-11 00:00:00
43052974,Buckie,Balthasar,Priden,0,2019-03-11 00:00:00
45965796,Keen,Murname,Radish,0,2019-03-11 00:00:00
56796747,Alley,Labon,Wyre,0,2019-03-11 00:00:00
6888468,Ambrosius,Doley,Argue,0,2019-03-12 00:00:00
9570377,Adolpho,Eads,Kment,0,2019-03-12 00:00:00
23339418,Fraze,Foster-Smith,Maric,0,2019-03-13 00:00:00
72026035,Sheffield,Gault,Eloy,0,2019-03-13 00:00:00
4843469,Maddy,Cully,Muscott,0,2019-03-14 00:00:00
3700803,Thane,Worvill,Coie,0,2019-03-15 00:00:00
99739372,Derek,Gozard,Rozzier,0,2019-03-15 00:00:00
73788276,Valentino,Roisen,Matissoff,0,2019-03-16 00:00:00
89263030,Boothe,Purchon,Bowdery,0,2019-03-16 00:00:00
83613631,Bax,Gerrets,Emblow,0,2019-03-17 00:00:00
6008182,Laney,Cornels,Feitosa,0,2019-03-19 00:00:00
52176864,Frederich,Salters,Peckitt,0,2019-03-20 00:00:00
52313876,Teodoro,Das,Thornton-Dewhirst,0,2019-03-21 00:00:00
1727553,Shurlocke,Gheorghie,Madner,0,2019-03-21 00:00:00
67844625,Whittaker,Jirak,Plume,0,2019-03-21 00:00:00
89348000,Nollie,McGoldrick,Cardozo,0,2019-03-21 00:00:00
30387095,Ric,Bromfield,Reppaport,0,2019-03-22 00:00:00
53012295,Bendicty,Colly,Dyter,0,2019-03-22 00:00:00
55426883,Fredric,Chichgar,Mattusevich,0,2019-03-23 00:00:00
38942442,Saunders,Riggs,Gonzales,0,2019-03-24 00:00:00
13535202,Henri,McGavigan,Thursby,0,2019-03-24 00:00:00
50741773,Hunter,Thurby,Bagge,0,2019-03-26 00:00:00
58683447,Joaquin,Kyles,Cunliffe,0,2019-03-26 00:00:00
53591353,Cecil,Muckley,Valeri,0,2019-03-28 00:00:00
18104528,Buck,Maciejak,Chansonne,0,2019-03-29 00:00:00
26854201,Troy,Sergison,Loveard,0,2019-03-30 00:00:00
